{
    "fields": {
        "name": {
            "type": "varchar",
            "required": false,
            "pattern": null,
            "options": [],
            "inlineEditDisabled": true,
            "readOnly": true
        },
        "description": {
            "type": "text"
        },
        "createdAt": {
            "type": "datetime",
            "readOnly": true
        },
        "modifiedAt": {
            "type": "datetime",
            "readOnly": true
        },
        "createdBy": {
            "type": "link",
            "readOnly": true,
            "view": "views/fields/user"
        },
        "modifiedBy": {
            "type": "link",
            "readOnly": true,
            "view": "views/fields/user"
        },
        "assignedUser": {
            "type": "link",
            "required": false,
            "view": "views/fields/assigned-user"
        },
        "teams": {
            "type": "linkMultiple",
            "view": "views/fields/teams"
        },
        "purchaseOrder": {
            "type": "link"
        },
        "quantity": {
            "notNull": false,
            "type": "float",
            "required": true,
            "decimalPlaces": 2,
            "audited": true,
            "isCustom": true
        },
        "price": {
            "notNull": false,
            "type": "float",
            "required": true,
            "decimalPlaces": 2,
            "audited": true,
            "isCustom": true
        },
        "amount": {
            "notNull": false,
            "type": "float",
            "decimalPlaces": 2,
            "audited": true,
            "readOnly": true,
            "isCustom": true
        },
        "taxPercentage": {
            "type": "enum",
            "options": [
                "0",
                "5",
                "10",
                "15",
                "20"
            ],
            "style": {
                "0": null,
                "5": null,
                "10": null,
                "15": null,
                "20": null
            },
            "default": "0",
            "maxLength": 100,
            "isCustom": true
        },
        "taxAmount": {
            "notNull": false,
            "type": "float",
            "readOnly": true,
            "audited": true,
            "decimalPlaces": 2,
            "isCustom": true
        },
        "uOM": {
            "type": "enum",
            "optionsReference": "CProduct.uOM",
            "default": "1",
            "style": [],
            "maxLength": 100,
            "isCustom": true
        },
        "grandTotal": {
            "notNull": false,
            "type": "float",
            "readOnly": true,
            "audited": true,
            "decimalPlaces": 2,
            "isCustom": true
        },
        "product": {
            "type": "link"
        },
        "lineProductName": {
            "type": "varchar",
            "maxLength": 200,
            "options": [],
            "isCustom": true
        }
    },
    "links": {
        "createdBy": {
            "type": "belongsTo",
            "entity": "User"
        },
        "modifiedBy": {
            "type": "belongsTo",
            "entity": "User"
        },
        "assignedUser": {
            "type": "belongsTo",
            "entity": "User"
        },
        "teams": {
            "type": "hasMany",
            "entity": "Team",
            "relationName": "entityTeam",
            "layoutRelationshipsDisabled": true
        },
        "purchaseOrder": {
            "type": "belongsTo",
            "foreign": "purchaseOrderLines",
            "entity": "CPurchaseOrder",
            "audited": false,
            "isCustom": true
        },
        "product": {
            "type": "belongsTo",
            "foreign": "purchaseOrderLines",
            "entity": "CProduct",
            "audited": true,
            "isCustom": true
        }
    },
    "collection": {
        "orderBy": "createdAt",
        "order": "desc"
    },
    "indexes": {
        "name": {
            "columns": [
                "name",
                "deleted"
            ]
        },
        "assignedUser": {
            "columns": [
                "assignedUserId",
                "deleted"
            ]
        },
        "createdAt": {
            "columns": [
                "createdAt"
            ]
        },
        "createdAtId": {
            "unique": true,
            "columns": [
                "createdAt",
                "id"
            ]
        }
    }
}